-- phpMyAdmin SQL Dump
-- version 5.2.1
-- https://www.phpmyadmin.net/
--
-- Host: 127.0.0.1
-- Generation Time: Jan 19, 2024 at 10:56 AM
-- Server version: 10.4.28-MariaDB
-- PHP Version: 8.2.4

SET SQL_MODE = "NO_AUTO_VALUE_ON_ZERO";
START TRANSACTION;
SET time_zone = "+00:00";


/*!40101 SET @OLD_CHARACTER_SET_CLIENT=@@CHARACTER_SET_CLIENT */;
/*!40101 SET @OLD_CHARACTER_SET_RESULTS=@@CHARACTER_SET_RESULTS */;
/*!40101 SET @OLD_COLLATION_CONNECTION=@@COLLATION_CONNECTION */;
/*!40101 SET NAMES utf8mb4 */;

--
-- Database: `qaah`
--

-- --------------------------------------------------------

--
-- Table structure for table `contents`
--

CREATE TABLE `contents` (
  `id` bigint(20) UNSIGNED NOT NULL,
  `title` varchar(255) NOT NULL,
  `discription` text NOT NULL,
  `type` varchar(255) NOT NULL,
  `user_id` bigint(20) UNSIGNED NOT NULL,
  `created_at` timestamp NULL DEFAULT NULL,
  `updated_at` timestamp NULL DEFAULT NULL
) ENGINE=InnoDB DEFAULT CHARSET=utf8mb4 COLLATE=utf8mb4_unicode_ci;

--
-- Dumping data for table `contents`
--

INSERT INTO `contents` (`id`, `title`, `discription`, `type`, `user_id`, `created_at`, `updated_at`) VALUES
(2, ' ', 'قاعة ريماس للمناسبات، نحن نفتخر بتوفير مساحة ساحرة وفريدة لإقامة مختلف الأحداث والمناسبات الخاصة. نحن نعتبر أنفسنا وجهة مثالية لحفلات الزفاف الأسطورية، والحفلات الاجتماعية الكبرى، والمؤتمرات التجارية الناجحة، وغيرها من الفعاليات المميزة.\r\n\r\nمن خلال تجربتنا الواسعة في صناعة الفعاليات، نحن نفهم أهمية كل تفصيلة في إنشاء تجربة لا تنسى لضيوفنا. تتميز قاعتنا بالتصميم الفاخر والأناقة المترفة التي تعكس الأذواق المتنوعة. تتسع القاعة لأعداد كبيرة من الضيوف وتوفر المساحة الكافية لجميع أنواع الفعاليات.\r\nنحن نعتبر كل حدث فرصة لإبهار الضيوف وتجاوز توقعاتهم. نحن نضمن تقديم خدمة عملاء استثنائية واستجابة سريعة لجميع الاحتياجات والاستفسارات. نحن نسعى جاهدين لتوفير تجربة لا تنسى تترك انطباعًا إيجابيًا على كل ضيف يزور قاعتنا.', 'aboutus', 12, '2024-01-14 05:35:48', '2024-01-14 05:35:48'),
(3, ' ', 'قاعة لازوردي للمناسبات، نحن نفتخر بتوفير مساحة ساحرة وفريدة لإقامة مختلف الأحداث والمناسبات الخاصة. نحن نعتبر أنفسنا وجهة مثالية لحفلات الزفاف الأسطورية، والحفلات الاجتماعية الكبرى، والمؤتمرات التجارية الناجحة، وغيرها من الفعاليات المميزة.\r\n\r\nمن خلال تجربتنا الواسعة في صناعة الفعاليات، نحن نفهم أهمية كل تفصيلة في إنشاء تجربة لا تنسى لضيوفنا. تتميز قاعتنا بالتصميم الفاخر والأناقة المترفة التي تعكس الأذواق المتنوعة. تتسع القاعة لأعداد كبيرة من الضيوف وتوفر المساحة الكافية لجميع أنواع الفعاليات.\r\nنحن نعتبر كل حدث فرصة لإبهار الضيوف وتجاوز توقعاتهم. نحن نضمن تقديم خدمة عملاء استثنائية واستجابة سريعة لجميع الاحتياجات والاستفسارات. نحن نسعى جاهدين لتوفير تجربة لا تنسى تترك انطباعًا إيجابيًا على كل ضيف يزور قاعتنا.', 'aboutus', 13, '2024-01-15 17:26:43', '2024-01-15 17:26:43'),
(4, ' ', 'قاعة التهاني للمناسبات، نحن نفتخر بتوفير مساحة ساحرة وفريدة لإقامة مختلف الأحداث والمناسبات الخاصة. نحن نعتبر أنفسنا وجهة مثالية لحفلات الزفاف الأسطورية، والحفلات الاجتماعية الكبرى، والمؤتمرات التجارية الناجحة، وغيرها من الفعاليات المميزة. من خلال تجربتنا الواسعة في صناعة الفعاليات، نحن نفهم أهمية كل تفصيلة في إنشاء تجربة لا تنسى لضيوفنا. تتميز قاعتنا بالتصميم الفاخر والأناقة المترفة التي تعكس الأذواق المتنوعة. تتسع القاعة لأعداد كبيرة من الضيوف وتوفر المساحة الكافية لجميع أنواع الفعاليات. نحن نعتبر كل حدث فرصة لإبهار الضيوف وتجاوز توقعاتهم. نحن نضمن تقديم خدمة عملاء استثنائية واستجابة سريعة لجميع الاحتياجات والاستفسارات. نحن نسعى جاهدين لتوفير تجربة لا تنسى تترك انطباعًا إيجابيًا على كل ضيف يزور قاعتنا.', 'aboutus', 19, '2024-01-18 08:57:21', '2024-01-18 08:58:18'),
(5, ' ', 'قاعة الاندلس للمناسبات نحن نفتخر بتوفير مساحة ساحرة وفريدة لإقامة مختلف الأحداث والمناسبات الخاصة. نحن نعتبر أنفسنا وجهة مثالية لحفلات الزفاف الأسطورية، والحفلات الاجتماعية الكبرى، والمؤتمرات التجارية الناجحة، وغيرها من الفعاليات المميزة. من خلال تجربتنا الواسعة في صناعة الفعاليات، نحن نفهم أهمية كل تفصيلة في إنشاء تجربة لا تنسى لضيوفنا. تتميز قاعتنا بالتصميم الفاخر والأناقة المترفة التي تعكس الأذواق المتنوعة. تتسع القاعة لأعداد كبيرة من الضيوف وتوفر المساحة الكافية لجميع أنواع الفعاليات. نحن نعتبر كل حدث فرصة لإبهار الضيوف وتجاوز توقعاتهم. نحن نضمن تقديم خدمة عملاء استثنائية واستجابة سريعة لجميع الاحتياجات والاستفسارات. نحن نسعى جاهدين لتوفير تجربة لا تنسى تترك انطباعًا إيجابيًا على كل ضيف يزور قاعتنا.', 'aboutus', 22, '2024-01-18 11:28:59', '2024-01-18 11:28:59');

-- --------------------------------------------------------

--
-- Table structure for table `directorates`
--

CREATE TABLE `directorates` (
  `id` bigint(20) UNSIGNED NOT NULL,
  `name` varchar(255) NOT NULL,
  `governorate_id` bigint(20) UNSIGNED NOT NULL,
  `created_at` timestamp NULL DEFAULT NULL,
  `updated_at` timestamp NULL DEFAULT NULL
) ENGINE=InnoDB DEFAULT CHARSET=utf8mb4 COLLATE=utf8mb4_unicode_ci;

--
-- Dumping data for table `directorates`
--

INSERT INTO `directorates` (`id`, `name`, `governorate_id`, `created_at`, `updated_at`) VALUES
(1, 'المكلا', 1, '2024-01-09 10:56:43', '2024-01-09 10:56:43'),
(2, 'الشحر', 1, '2024-01-09 10:56:43', '2024-01-09 10:56:43'),
(3, 'غيل باوزير', 1, '2024-01-09 10:56:43', '2024-01-09 10:56:43');

-- --------------------------------------------------------

--
-- Table structure for table `durations`
--

CREATE TABLE `durations` (
  `id` bigint(20) UNSIGNED NOT NULL,
  `from` time NOT NULL,
  `to` time NOT NULL,
  `facility_id` bigint(20) UNSIGNED NOT NULL,
  `created_at` timestamp NULL DEFAULT NULL,
  `updated_at` timestamp NULL DEFAULT NULL
) ENGINE=InnoDB DEFAULT CHARSET=utf8mb4 COLLATE=utf8mb4_unicode_ci;

--
-- Dumping data for table `durations`
--

INSERT INTO `durations` (`id`, `from`, `to`, `facility_id`, `created_at`, `updated_at`) VALUES
(10, '09:00:00', '03:00:00', 9, '2024-01-14 05:32:44', '2024-01-14 05:32:44'),
(11, '20:00:00', '01:00:00', 9, '2024-01-14 05:34:32', '2024-01-14 05:34:32'),
(12, '09:00:00', '15:00:00', 10, '2024-01-15 14:26:52', '2024-01-15 14:26:52'),
(13, '20:00:00', '01:00:00', 10, '2024-01-15 15:20:17', '2024-01-15 15:20:17'),
(14, '09:00:00', '15:00:00', 11, '2024-01-15 18:23:21', '2024-01-15 18:23:21'),
(15, '20:00:00', '01:00:00', 11, '2024-01-15 18:23:53', '2024-01-15 18:23:53'),
(16, '09:00:00', '15:00:00', 12, '2024-01-18 08:53:31', '2024-01-18 08:53:31'),
(18, '20:00:00', '01:00:00', 12, '2024-01-18 08:56:00', '2024-01-18 08:56:00'),
(19, '09:00:00', '15:00:00', 15, '2024-01-18 10:59:44', '2024-01-18 10:59:44'),
(20, '20:00:00', '01:00:00', 15, '2024-01-18 11:00:14', '2024-01-18 11:00:14');

-- --------------------------------------------------------

--
-- Table structure for table `facilities`
--

CREATE TABLE `facilities` (
  `id` bigint(20) UNSIGNED NOT NULL,
  `name` varchar(255) NOT NULL,
  `title` varchar(255) NOT NULL,
  `email` varchar(255) NOT NULL,
  `address` varchar(255) NOT NULL,
  `logo` varchar(255) DEFAULT NULL,
  `license` varchar(255) NOT NULL,
  `user_id` bigint(20) UNSIGNED NOT NULL,
  `directorate_id` bigint(20) UNSIGNED NOT NULL,
  `phone` bigint(20) NOT NULL,
  `identity_NO` bigint(20) NOT NULL,
  `currency` varchar(255) DEFAULT NULL,
  `state` enum('step1','approved','complete','reject') NOT NULL,
  `created_at` timestamp NULL DEFAULT NULL,
  `updated_at` timestamp NULL DEFAULT NULL
) ENGINE=InnoDB DEFAULT CHARSET=utf8mb4 COLLATE=utf8mb4_unicode_ci;

--
-- Dumping data for table `facilities`
--

INSERT INTO `facilities` (`id`, `name`, `title`, `email`, `address`, `logo`, `license`, `user_id`, `directorate_id`, `phone`, `identity_NO`, `currency`, `state`, `created_at`, `updated_at`) VALUES
(9, 'remas', 'قاعة ريماس للمناسبات', 'remas@gmail.com', 'بن سلمان', '20240114_062224_tenant-logo.png', '20240114_062223_licence.jpg', 12, 3, 736985214, 8010085940, 'SAR', 'approved', '2024-01-14 03:22:24', '2024-01-14 04:01:32'),
(10, 'lazordy', 'قاعة لازوردي للمناسبات', 'lazordy1@gmail.com', 'شارع الستين', '20240115_163211_WhatsApp Image 2024-01-15 at 17.04.49_7cc98d9e (1).png', '20240115_163210_licence.jpg', 13, 2, 789632541, 301254789, 'SAR', 'approved', '2024-01-15 13:32:12', '2024-01-17 15:09:04'),
(11, 'meral', 'قاعة ميرال للاحتفالات', 'meral@gmail.com', 'الشرج', '20240115_204757_WhatsApp Image 2024-01-15 at 17.04.58_ba8555c6.png', '20240115_204757_licence.jpg', 14, 1, 785214797, 30254785655, 'SAR', 'approved', '2024-01-15 17:47:57', '2024-01-15 17:49:08'),
(12, 'tahani', 'قصر التهاني للمناسبات', 'tahani@gmail.com', 'فوة', '20240117_193721_logo.jpg', '20240117_193720_licence.jpg', 19, 1, 735896547, 3000014785, 'SAR', 'approved', '2024-01-17 16:37:21', '2024-01-18 02:39:10'),
(15, 'andalushye', 'قاعة الاندلس للمناسبات', 'andalushye@gmail.com', 'فوة', '20240118_131740_Screenshot_20240118_151910_com.instagram.android (1).png', '20240118_131740_licence.jpg', 22, 1, 777720517, 3004588831, 'SAR', 'approved', '2024-01-18 10:17:40', '2024-01-18 10:40:29'),
(16, 'alamoudi', 'قاعة العمودي للمناسبات', 'alamodi@gmail.com', 'فوة', '20240118_194844_Screenshot_20240118_151910_com.instagram.android (1).png', '20240118_194843_licence.jpg', 27, 1, 784963222, 3000544655, 'SAR', 'approved', '2024-01-18 16:48:44', '2024-01-18 16:49:29');

-- --------------------------------------------------------

--
-- Table structure for table `failed_jobs`
--

CREATE TABLE `failed_jobs` (
  `id` bigint(20) UNSIGNED NOT NULL,
  `uuid` varchar(255) NOT NULL,
  `connection` text NOT NULL,
  `queue` text NOT NULL,
  `payload` longtext NOT NULL,
  `exception` longtext NOT NULL,
  `failed_at` timestamp NOT NULL DEFAULT current_timestamp()
) ENGINE=InnoDB DEFAULT CHARSET=utf8mb4 COLLATE=utf8mb4_unicode_ci;

-- --------------------------------------------------------

--
-- Table structure for table `files`
--

CREATE TABLE `files` (
  `id` bigint(20) UNSIGNED NOT NULL,
  `path` varchar(255) NOT NULL,
  `fileType_id` bigint(20) UNSIGNED NOT NULL,
  `target_id` bigint(20) NOT NULL,
  `target_name` enum('reservation','facility','hall','platform') NOT NULL,
  `created_at` timestamp NULL DEFAULT NULL,
  `updated_at` timestamp NULL DEFAULT NULL
) ENGINE=InnoDB DEFAULT CHARSET=utf8mb4 COLLATE=utf8mb4_unicode_ci;

--
-- Dumping data for table `files`
--

INSERT INTO `files` (`id`, `path`, `fileType_id`, `target_id`, `target_name`, `created_at`, `updated_at`) VALUES
(1, '20240111_123135_bg_2.jpg', 1, 7, 'reservation', '2024-01-11 09:31:35', '2024-01-11 09:31:35'),
(2, '20240112_074720_2150683405.jpg', 1, 14, 'hall', '2024-01-12 04:47:21', '2024-01-12 04:47:21'),
(3, '20240112_074721_about.jpg', 1, 14, 'hall', '2024-01-12 04:47:21', '2024-01-12 04:47:21'),
(4, '20240112_074721_bg_1.jpg', 1, 14, 'hall', '2024-01-12 04:47:21', '2024-01-12 04:47:21'),
(5, '20240112_074721_bg_2.jpg', 1, 14, 'hall', '2024-01-12 04:47:21', '2024-01-12 04:47:21'),
(6, '20240112_190548_work-3.jpg', 1, 15, 'hall', '2024-01-12 16:05:50', '2024-01-12 16:05:50'),
(7, '20240112_190550_work-7.jpg', 1, 15, 'hall', '2024-01-12 16:05:50', '2024-01-12 16:05:50'),
(8, '20240112_190550_work-8.jpg', 1, 15, 'hall', '2024-01-12 16:05:50', '2024-01-12 16:05:50'),
(9, '20240112_190550_work-9.jpg', 1, 15, 'hall', '2024-01-12 16:05:50', '2024-01-12 16:05:50'),
(10, '20240112_190645_work-1.jpg', 1, 16, 'hall', '2024-01-12 16:06:45', '2024-01-12 16:06:45'),
(11, '20240112_190645_work-4.jpg', 1, 16, 'hall', '2024-01-12 16:06:45', '2024-01-12 16:06:45'),
(12, '20240112_190646_work-5.jpg', 1, 16, 'hall', '2024-01-12 16:06:46', '2024-01-12 16:06:46'),
(13, '20240112_190646_work-6.jpg', 1, 16, 'hall', '2024-01-12 16:06:46', '2024-01-12 16:06:46'),
(14, '20240114_084158_IMG_٢٠٢٣٠٨١٠_١٩١٧٢٤.jpg', 1, 17, 'hall', '2024-01-14 05:41:58', '2024-01-14 05:41:58'),
(15, '20240114_084158_IMG_٢٠٢٣٠٨١٠_٢٠٠٤٠٨.jpg', 1, 17, 'hall', '2024-01-14 05:41:58', '2024-01-14 05:41:58'),
(16, '20240114_084159_IMG_٢٠٢٣٠٨١٠_٢٠٠٨٣٤.jpg', 1, 17, 'hall', '2024-01-14 05:41:59', '2024-01-14 05:41:59'),
(17, '20240114_084159_IMG_٢٠٢٣٠٨١٠_٢٠٣٨١٨.jpg', 1, 17, 'hall', '2024-01-14 05:41:59', '2024-01-14 05:41:59'),
(18, '20240114_084159_IMG_٢٠٢٣٠٨١٠_٢٠٤٢٥٩.jpg', 1, 17, 'hall', '2024-01-14 05:41:59', '2024-01-14 05:41:59'),
(19, '20240115_183121_Screenshot_20240115_133827_com.instagram.android_edit_62242724482169.jpg', 1, 18, 'hall', '2024-01-15 15:31:21', '2024-01-15 15:31:21'),
(20, '20240115_183121_Screenshot_20240115_133715_com.instagram.android_edit_62106645221773.jpg', 1, 18, 'hall', '2024-01-15 15:31:21', '2024-01-15 15:31:21'),
(21, '20240115_183121_Screenshot_20240115_133745_com.instagram.android_edit_62169235270201.jpg', 1, 18, 'hall', '2024-01-15 15:31:21', '2024-01-15 15:31:21'),
(22, '20240115_183121_Screenshot_20240115_133752_com.instagram.android_edit_62190594001447.jpg', 1, 18, 'hall', '2024-01-15 15:31:21', '2024-01-15 15:31:21'),
(23, '20240115_183121_Screenshot_20240115_133806_com.instagram.android_edit_62233405104566.jpg', 1, 18, 'hall', '2024-01-15 15:31:21', '2024-01-15 15:31:21'),
(24, '20240115_183119_Screenshot_20240115_133527_com.instagram.android_edit_62016797335849.jpg', 1, 18, 'hall', '2024-01-15 15:31:21', '2024-01-15 15:31:21'),
(25, '20240115_183121_Screenshot_20240115_133827_com.instagram.android_edit_62242724482169mmm.jpg', 1, 18, 'hall', '2024-01-15 15:31:21', '2024-01-15 15:31:21'),
(26, '20240115_183121_Screenshot_20240115_145757.jpg', 1, 18, 'hall', '2024-01-15 15:31:21', '2024-01-15 15:31:21'),
(27, '20240115_204001_1.jpg', 1, 19, 'hall', '2024-01-15 17:40:01', '2024-01-15 17:40:01'),
(28, '20240115_204001_2.jpg', 1, 19, 'hall', '2024-01-15 17:40:01', '2024-01-15 17:40:01'),
(29, '20240115_204001_3.jpg', 1, 19, 'hall', '2024-01-15 17:40:01', '2024-01-15 17:40:01'),
(30, '20240115_204001_4.jpg', 1, 19, 'hall', '2024-01-15 17:40:01', '2024-01-15 17:40:01'),
(31, '20240115_204002_5.jpg', 1, 19, 'hall', '2024-01-15 17:40:02', '2024-01-15 17:40:02'),
(32, '20240115_204002_6.jpg', 1, 19, 'hall', '2024-01-15 17:40:02', '2024-01-15 17:40:02'),
(33, '20240115_204002_7.jpg', 1, 19, 'hall', '2024-01-15 17:40:02', '2024-01-15 17:40:02'),
(34, '20240115_204002_8.jpg', 1, 19, 'hall', '2024-01-15 17:40:02', '2024-01-15 17:40:02'),
(35, '20240115_204002_9.jpg', 1, 19, 'hall', '2024-01-15 17:40:02', '2024-01-15 17:40:02'),
(36, '20240115_204002_10.jpg', 1, 19, 'hall', '2024-01-15 17:40:02', '2024-01-15 17:40:02'),
(37, '20240115_212609_1.jpg', 1, 20, 'hall', '2024-01-15 18:26:09', '2024-01-15 18:26:09'),
(38, '20240115_212609_2.jpg', 1, 20, 'hall', '2024-01-15 18:26:09', '2024-01-15 18:26:09'),
(39, '20240115_212609_3.jpg', 1, 20, 'hall', '2024-01-15 18:26:09', '2024-01-15 18:26:09'),
(40, '20240115_212609_4.jpg', 1, 20, 'hall', '2024-01-15 18:26:09', '2024-01-15 18:26:09'),
(41, '20240116_070845_voucher.jpg', 1, 4, 'reservation', '2024-01-16 04:08:45', '2024-01-16 04:08:45'),
(42, '20240116_075411_voucher.jpg', 1, 5, 'reservation', '2024-01-16 04:54:12', '2024-01-16 04:54:12'),
(43, '20240116_081513_voucher.jpg', 1, 6, 'reservation', '2024-01-16 05:15:13', '2024-01-16 05:15:13'),
(44, '20240117_174256_voucher.jpg', 1, 8, 'reservation', '2024-01-17 14:42:57', '2024-01-17 14:42:57'),
(45, '20240118_064354_voucher.jpg', 1, 9, 'reservation', '2024-01-18 03:43:56', '2024-01-18 03:43:56'),
(46, '20240118_092721_voucher.jpg', 1, 10, 'reservation', '2024-01-18 06:27:21', '2024-01-18 06:27:21'),
(47, '20240118_120641_1.jpg', 1, 21, 'hall', '2024-01-18 09:06:42', '2024-01-18 09:06:42'),
(48, '20240118_120642_2.jpg', 1, 21, 'hall', '2024-01-18 09:06:42', '2024-01-18 09:06:42'),
(49, '20240118_120642_3.jpg', 1, 21, 'hall', '2024-01-18 09:06:42', '2024-01-18 09:06:42'),
(50, '20240118_120642_4.jpg', 1, 21, 'hall', '2024-01-18 09:06:42', '2024-01-18 09:06:42'),
(51, '20240118_120642_5.jpg', 1, 21, 'hall', '2024-01-18 09:06:42', '2024-01-18 09:06:42'),
(52, '20240118_120642_6.jpg', 1, 21, 'hall', '2024-01-18 09:06:42', '2024-01-18 09:06:42'),
(53, '20240118_120642_7.jpg', 1, 21, 'hall', '2024-01-18 09:06:42', '2024-01-18 09:06:42'),
(54, '20240118_120642_8.jpg', 1, 21, 'hall', '2024-01-18 09:06:42', '2024-01-18 09:06:42'),
(55, '20240118_120642_9.jpg', 1, 21, 'hall', '2024-01-18 09:06:42', '2024-01-18 09:06:42'),
(56, '20240118_120642_10.jpg', 1, 21, 'hall', '2024-01-18 09:06:42', '2024-01-18 09:06:42'),
(57, '20240118_143812_1.jpg', 1, 22, 'hall', '2024-01-18 11:38:14', '2024-01-18 11:38:14'),
(58, '20240118_143814_2.jpg', 1, 22, 'hall', '2024-01-18 11:38:14', '2024-01-18 11:38:14'),
(59, '20240118_143814_3.jpg', 1, 22, 'hall', '2024-01-18 11:38:14', '2024-01-18 11:38:14'),
(60, '20240118_143814_4.jpg', 1, 22, 'hall', '2024-01-18 11:38:14', '2024-01-18 11:38:14'),
(61, '20240118_143814_5.jpg', 1, 22, 'hall', '2024-01-18 11:38:14', '2024-01-18 11:38:14'),
(62, '20240118_143814_6.jpg', 1, 22, 'hall', '2024-01-18 11:38:14', '2024-01-18 11:38:14'),
(63, '20240118_152508_voucher.jpg', 1, 12, 'reservation', '2024-01-18 12:25:08', '2024-01-18 12:25:08'),
(64, '20240118_154031_voucher.jpg', 1, 13, 'reservation', '2024-01-18 12:40:31', '2024-01-18 12:40:31'),
(65, '20240118_154436_voucher.jpg', 1, 14, 'reservation', '2024-01-18 12:44:36', '2024-01-18 12:44:36'),
(66, '20240118_154840_voucher.jpg', 1, 15, 'reservation', '2024-01-18 12:48:40', '2024-01-18 12:48:40'),
(67, '20240119_090726_voucher.jpg', 1, 16, 'reservation', '2024-01-19 06:07:28', '2024-01-19 06:07:28');

-- --------------------------------------------------------

--
-- Table structure for table `file_types`
--

CREATE TABLE `file_types` (
  `id` bigint(20) UNSIGNED NOT NULL,
  `name` varchar(255) NOT NULL,
  `created_at` timestamp NULL DEFAULT NULL,
  `updated_at` timestamp NULL DEFAULT NULL
) ENGINE=InnoDB DEFAULT CHARSET=utf8mb4 COLLATE=utf8mb4_unicode_ci;

--
-- Dumping data for table `file_types`
--

INSERT INTO `file_types` (`id`, `name`, `created_at`, `updated_at`) VALUES
(1, 'image', NULL, NULL),
(2, 'video', NULL, NULL);

-- --------------------------------------------------------

--
-- Table structure for table `governorates`
--

CREATE TABLE `governorates` (
  `id` bigint(20) UNSIGNED NOT NULL,
  `name` varchar(255) NOT NULL,
  `created_at` timestamp NULL DEFAULT NULL,
  `updated_at` timestamp NULL DEFAULT NULL
) ENGINE=InnoDB DEFAULT CHARSET=utf8mb4 COLLATE=utf8mb4_unicode_ci;

--
-- Dumping data for table `governorates`
--

INSERT INTO `governorates` (`id`, `name`, `created_at`, `updated_at`) VALUES
(1, 'حضرموت', '2024-01-09 10:56:43', '2024-01-09 10:56:43');

-- --------------------------------------------------------

--
-- Table structure for table `halls`
--

CREATE TABLE `halls` (
  `id` bigint(20) UNSIGNED NOT NULL,
  `name` varchar(255) NOT NULL,
  `title` varchar(255) NOT NULL,
  `discription` text DEFAULT NULL,
  `people_count` bigint(20) NOT NULL,
  `area` bigint(20) NOT NULL,
  `facility_id` bigint(20) UNSIGNED NOT NULL,
  `created_at` timestamp NULL DEFAULT NULL,
  `updated_at` timestamp NULL DEFAULT NULL
) ENGINE=InnoDB DEFAULT CHARSET=utf8mb4 COLLATE=utf8mb4_unicode_ci;

--
-- Dumping data for table `halls`
--

INSERT INTO `halls` (`id`, `name`, `title`, `discription`, `people_count`, `area`, `facility_id`, `created_at`, `updated_at`) VALUES
(17, 'hall1', 'القاعة الملكية', 'مساحة فسيحة ومهيأة بشكل أنيق وملكي. ديكورات فاخرة وتصميم داخلي راقٍ لإضفاء جو من الرفاهية والأناقة. نظام إضاءة متقدم لتوفير الإضاءة المثالية للمناسبات المختلفة. منصة مرتفعة للمناسبات الخاصة مثل العروض الموسيقية أو الخطب العامة. تجهيزات صوتية وبصرية عالية الجودة لتلبية احتياجات الفعاليات المختلفة. منطقة مخصصة لتناول الطعام وتقديم الوجبات.', 600, 1025, 9, '2024-01-14 05:41:57', '2024-01-14 05:41:57'),
(18, 'kobra', 'القاعة الكبرى', 'مساحة فسيحة ومهيأة بشكل أنيق وملكي. ديكورات فاخرة وتصميم داخلي راقٍ لإضفاء جو من الرفاهية والأناقة. نظام إضاءة متقدم لتوفير الإضاءة المثالية للمناسبات المختلفة. منصة مرتفعة للمناسبات الخاصة مثل العروض الموسيقية أو الخطب العامة. تجهيزات صوتية وبصرية عالية الجودة لتلبية احتياجات الفعاليات المختلفة. منطقة مخصصة لتناول الطعام وتقديم الوجبات.', 600, 1025, 10, '2024-01-15 15:31:19', '2024-01-15 15:31:19'),
(19, 'soghra', 'القاعة الصغرى', 'جو هادئ وأنيق يناسب المناسبات الصغيرة والحفلات الخاصة. تصميم داخلي أنيق ورومانسي يضفي جوًا ساحرًا. مساحة مرنة لتنظيم الفعاليات المختلفة مثل الاحتفالات الخاصة وحفلات الخطوبة. نظام صوتي متطور ومعدات إضاءة متنوعة لإضفاء الأجواء المثالية.', 500, 1002, 10, '2024-01-15 17:40:01', '2024-01-15 17:40:01'),
(20, 'meralhall', 'قاعة ميرال', 'مساحة فسيحة ومهيأة بشكل أنيق وملكي. ديكورات فاخرة وتصميم داخلي راقٍ لإضفاء جو من الرفاهية والأناقة. نظام إضاءة متقدم لتوفير الإضاءة المثالية للمناسبات المختلفة. منصة مرتفعة للمناسبات الخاصة مثل العروض الموسيقية أو الخطب العامة. تجهيزات صوتية وبصرية عالية الجودة لتلبية احتياجات الفعاليات المختلفة. منطقة مخصصة لتناول الطعام وتقديم الوجبات.', 900, 1058, 11, '2024-01-15 18:26:08', '2024-01-15 18:26:08'),
(21, 'tahanihall', 'قصر التهاني', 'مساحة فسيحة ومهيأة بشكل أنيق وملكي. ديكورات فاخرة وتصميم داخلي راقٍ لإضفاء جو من الرفاهية والأناقة. نظام إضاءة متقدم لتوفير الإضاءة المثالية للمناسبات المختلفة. منصة مرتفعة للمناسبات الخاصة مثل العروض الموسيقية أو الخطب العامة. تجهيزات صوتية وبصرية عالية الجودة لتلبية احتياجات الفعاليات المختلفة. منطقة مخصصة لتناول الطعام وتقديم الوجبات.', 1000, 1025, 12, '2024-01-18 09:06:41', '2024-01-18 09:06:41'),
(22, 'anduls', 'القاعة الملكية', 'مساحة فسيحة ومهيأة بشكل أنيق وملكي. ديكورات فاخرة وتصميم داخلي راقٍ لإضفاء جو من الرفاهية والأناقة. نظام إضاءة متقدم لتوفير الإضاءة المثالية للمناسبات المختلفة. منصة مرتفعة للمناسبات الخاصة مثل العروض الموسيقية أو الخطب العامة. تجهيزات صوتية وبصرية عالية الجودة لتلبية احتياجات الفعاليات المختلفة. منطقة مخصصة لتناول الطعام وتقديم الوجبات', 800, 1025, 15, '2024-01-18 11:38:11', '2024-01-18 11:38:11');

-- --------------------------------------------------------

--
-- Table structure for table `messages`
--

CREATE TABLE `messages` (
  `id` bigint(20) UNSIGNED NOT NULL,
  `name` varchar(255) NOT NULL,
  `email` varchar(255) NOT NULL,
  `subject` varchar(255) NOT NULL,
  `message` text NOT NULL,
  `user_id` bigint(20) UNSIGNED NOT NULL,
  `created_at` timestamp NULL DEFAULT NULL,
  `updated_at` timestamp NULL DEFAULT NULL
) ENGINE=InnoDB DEFAULT CHARSET=utf8mb4 COLLATE=utf8mb4_unicode_ci;

--
-- Dumping data for table `messages`
--

INSERT INTO `messages` (`id`, `name`, `email`, `subject`, `message`, `user_id`, `created_at`, `updated_at`) VALUES
(1, 'صالح احمد جوبان', 'saleh@gmail.com', 'استفسار', 'هل لديكم مرافق لذوي الاحتياجات الخاصة في القاعة؟', 12, '2024-01-16 14:31:01', '2024-01-16 14:31:01'),
(2, 'سالم اليزيدي', 'salem@gmail.com', 'استفسار', 'هل تتوفر خدمات الإنترنت اللاسلكي في القاعة؟', 12, '2024-01-16 14:33:03', '2024-01-16 14:33:03'),
(3, 'حسين العموي', 'hussain@gmail.com', 'استفسار', 'كم يستغرق قبول طلب الانضمام كمنشئة ؟', 1, '2024-01-18 03:00:40', '2024-01-18 03:00:40'),
(4, 'احمد التميمي', 'ahmed@gmail.com', 'استفسار', 'كم يستغرق قبول طلب الانضمام كمنشئة ؟', 1, '2024-01-18 03:01:51', '2024-01-18 03:01:51'),
(6, 'صالح المشجري', 'saleh@gmail.com', 'استفسار', 'كم يستغرق قبول طلب الانضمام كمنشئة ؟', 1, '2024-01-18 03:24:15', '2024-01-18 03:24:15');

-- --------------------------------------------------------

--
-- Table structure for table `migrations`
--

CREATE TABLE `migrations` (
  `id` int(10) UNSIGNED NOT NULL,
  `migration` varchar(255) NOT NULL,
  `batch` int(11) NOT NULL
) ENGINE=InnoDB DEFAULT CHARSET=utf8mb4 COLLATE=utf8mb4_unicode_ci;

--
-- Dumping data for table `migrations`
--

INSERT INTO `migrations` (`id`, `migration`, `batch`) VALUES
(1, '2014_10_12_000000_create_users_table', 1),
(2, '2014_10_12_100000_create_password_reset_tokens_table', 1),
(3, '2019_08_19_000000_create_failed_jobs_table', 1),
(4, '2019_12_14_000001_create_personal_access_tokens_table', 1),
(5, '2024_01_04_153740_create_permissions_table', 1),
(6, '2024_01_04_153858_create_roles_table', 1),
(7, '2024_01_04_161906_create_facilities_table', 1),
(8, '2024_01_04_162732_create_halls_table', 1),
(9, '2024_01_04_163333_create_services_table', 1),
(10, '2024_01_04_163905_create_durations_table', 1),
(11, '2024_01_04_164033_create_occasions_table', 1),
(12, '2024_01_04_165015_create_orders_table', 1),
(13, '2024_01_04_165207_create_messages_table', 1),
(14, '2024_01_04_165347_create_governorates_table', 1),
(15, '2024_01_04_165458_create_directorates_table', 1),
(16, '2024_01_04_170112_create_reservations_table', 1),
(17, '2024_01_04_170208_create_files_table', 1),
(18, '2024_01_04_170405_create_file_types_table', 1),
(19, '2024_01_04_171153_create_contents_table', 1),
(20, '2024_01_04_171712_create_payments_table', 1),
(21, '2024_01_04_183508_create_states_table', 1),
(22, '2024_01_04_190932_create_socialmedia_table', 1),
(23, '2024_01_04_193409_create_permission_role_table', 1),
(24, '2024_01_04_193626_create_role_user_table', 1),
(25, '2024_01_07_140850_create_offer_halls_table', 1),
(26, '2024_01_09_181320_create_orders_table', 2),
(27, '2024_01_13_135633_create_contents_table', 3),
(28, '2024_01_13_140236_create_contents_table', 4),
(29, '2024_01_14_112147_create_reservations_table', 5);

-- --------------------------------------------------------

--
-- Table structure for table `occasions`
--

CREATE TABLE `occasions` (
  `id` bigint(20) UNSIGNED NOT NULL,
  `name` varchar(255) NOT NULL,
  `facility_id` bigint(20) UNSIGNED NOT NULL,
  `created_at` timestamp NULL DEFAULT NULL,
  `updated_at` timestamp NULL DEFAULT NULL
) ENGINE=InnoDB DEFAULT CHARSET=utf8mb4 COLLATE=utf8mb4_unicode_ci;

--
-- Dumping data for table `occasions`
--

INSERT INTO `occasions` (`id`, `name`, `facility_id`, `created_at`, `updated_at`) VALUES
(10, 'زفاف', 9, '2024-01-14 05:34:48', '2024-01-14 05:34:48'),
(11, 'تخرج', 9, '2024-01-14 05:34:54', '2024-01-14 05:34:54'),
(12, 'زفاف', 10, '2024-01-15 16:53:17', '2024-01-15 16:53:17'),
(13, 'تخرج', 10, '2024-01-15 16:53:24', '2024-01-15 16:53:24'),
(14, 'زفاف', 12, '2024-01-18 08:56:14', '2024-01-18 08:56:14'),
(15, 'تخرج', 12, '2024-01-18 08:56:22', '2024-01-18 08:56:22'),
(16, 'تخرج', 15, '2024-01-18 11:01:43', '2024-01-18 11:01:43'),
(17, 'زفاف', 15, '2024-01-18 11:01:51', '2024-01-18 11:01:51');

-- --------------------------------------------------------

--
-- Table structure for table `offer_halls`
--

CREATE TABLE `offer_halls` (
  `id` bigint(20) UNSIGNED NOT NULL,
  `hall_id` bigint(20) UNSIGNED NOT NULL,
  `duration_id` bigint(20) UNSIGNED NOT NULL,
  `price` double(8,2) NOT NULL,
  `created_at` timestamp NULL DEFAULT NULL,
  `updated_at` timestamp NULL DEFAULT NULL
) ENGINE=InnoDB DEFAULT CHARSET=utf8mb4 COLLATE=utf8mb4_unicode_ci;

--
-- Dumping data for table `offer_halls`
--

INSERT INTO `offer_halls` (`id`, `hall_id`, `duration_id`, `price`, `created_at`, `updated_at`) VALUES
(27, 17, 10, 2500.00, '2024-01-14 05:41:58', '2024-01-14 05:41:58'),
(28, 17, 11, 3000.00, '2024-01-14 05:41:58', '2024-01-14 05:41:58'),
(29, 18, 12, 2500.00, '2024-01-15 15:31:19', '2024-01-15 15:31:19'),
(30, 18, 13, 3000.00, '2024-01-15 15:31:19', '2024-01-15 15:31:19'),
(31, 19, 12, 2000.00, '2024-01-15 17:40:01', '2024-01-15 17:40:01'),
(32, 19, 13, 2500.00, '2024-01-15 17:40:01', '2024-01-15 17:40:01'),
(33, 20, 14, 2800.00, '2024-01-15 18:26:09', '2024-01-15 18:26:09'),
(34, 20, 15, 3000.00, '2024-01-15 18:26:09', '2024-01-15 18:26:09'),
(35, 21, 16, 3000.00, '2024-01-18 09:06:41', '2024-01-18 09:06:41'),
(36, 21, 18, 4000.00, '2024-01-18 09:06:41', '2024-01-18 09:06:41'),
(37, 22, 19, 3000.00, '2024-01-18 11:38:11', '2024-01-18 11:38:11'),
(38, 22, 20, 3500.00, '2024-01-18 11:38:12', '2024-01-18 11:38:12');

-- --------------------------------------------------------

--
-- Table structure for table `orders`
--

CREATE TABLE `orders` (
  `id` bigint(20) UNSIGNED NOT NULL,
  `service_id` bigint(20) UNSIGNED NOT NULL,
  `reservation_id` bigint(20) UNSIGNED NOT NULL,
  `price` double(8,2) NOT NULL,
  `created_at` timestamp NULL DEFAULT NULL,
  `updated_at` timestamp NULL DEFAULT NULL
) ENGINE=InnoDB DEFAULT CHARSET=utf8mb4 COLLATE=utf8mb4_unicode_ci;

--
-- Dumping data for table `orders`
--

INSERT INTO `orders` (`id`, `service_id`, `reservation_id`, `price`, `created_at`, `updated_at`) VALUES
(7, 32, 1, 1000.00, '2024-01-14 08:23:23', '2024-01-14 08:23:23'),
(8, 30, 1, 0.00, '2024-01-14 08:23:23', '2024-01-14 08:23:23'),
(14, 38, 4, 1500.00, '2024-01-16 03:52:26', '2024-01-16 03:52:26'),
(15, 34, 4, 0.00, '2024-01-16 03:52:26', '2024-01-16 03:52:26'),
(16, 35, 4, 0.00, '2024-01-16 03:52:27', '2024-01-16 03:52:27'),
(17, 36, 4, 0.00, '2024-01-16 03:52:27', '2024-01-16 03:52:27'),
(18, 37, 4, 0.00, '2024-01-16 03:52:27', '2024-01-16 03:52:27'),
(19, 38, 5, 1500.00, '2024-01-16 04:53:54', '2024-01-16 04:53:54'),
(20, 34, 5, 0.00, '2024-01-16 04:53:54', '2024-01-16 04:53:54'),
(21, 35, 5, 0.00, '2024-01-16 04:53:54', '2024-01-16 04:53:54'),
(22, 36, 5, 0.00, '2024-01-16 04:53:55', '2024-01-16 04:53:55'),
(23, 37, 5, 0.00, '2024-01-16 04:53:55', '2024-01-16 04:53:55'),
(24, 38, 6, 1500.00, '2024-01-16 05:06:11', '2024-01-16 05:06:11'),
(25, 34, 6, 0.00, '2024-01-16 05:06:11', '2024-01-16 05:06:11'),
(26, 35, 6, 0.00, '2024-01-16 05:06:11', '2024-01-16 05:06:11'),
(27, 36, 6, 0.00, '2024-01-16 05:06:11', '2024-01-16 05:06:11'),
(28, 37, 6, 0.00, '2024-01-16 05:06:11', '2024-01-16 05:06:11'),
(29, 38, 7, 1500.00, '2024-01-17 05:39:38', '2024-01-17 05:39:38'),
(30, 34, 7, 0.00, '2024-01-17 05:39:39', '2024-01-17 05:39:39'),
(31, 35, 7, 0.00, '2024-01-17 05:39:39', '2024-01-17 05:39:39'),
(32, 36, 7, 0.00, '2024-01-17 05:39:39', '2024-01-17 05:39:39'),
(33, 37, 7, 0.00, '2024-01-17 05:39:39', '2024-01-17 05:39:39'),
(34, 32, 8, 1000.00, '2024-01-17 14:24:04', '2024-01-17 14:24:04'),
(35, 33, 8, 200.00, '2024-01-17 14:24:04', '2024-01-17 14:24:04'),
(36, 27, 8, 0.00, '2024-01-17 14:24:04', '2024-01-17 14:24:04'),
(37, 28, 8, 0.00, '2024-01-17 14:24:04', '2024-01-17 14:24:04'),
(38, 29, 8, 0.00, '2024-01-17 14:24:04', '2024-01-17 14:24:04'),
(39, 30, 8, 0.00, '2024-01-17 14:24:05', '2024-01-17 14:24:05'),
(40, 31, 8, 0.00, '2024-01-17 14:24:05', '2024-01-17 14:24:05'),
(41, 38, 9, 1500.00, '2024-01-18 03:43:28', '2024-01-18 03:43:28'),
(42, 35, 9, 0.00, '2024-01-18 03:43:28', '2024-01-18 03:43:28'),
(43, 36, 9, 0.00, '2024-01-18 03:43:28', '2024-01-18 03:43:28'),
(44, 37, 9, 0.00, '2024-01-18 03:43:29', '2024-01-18 03:43:29'),
(45, 38, 10, 1500.00, '2024-01-18 06:27:01', '2024-01-18 06:27:01'),
(46, 35, 10, 0.00, '2024-01-18 06:27:01', '2024-01-18 06:27:01'),
(47, 36, 10, 0.00, '2024-01-18 06:27:01', '2024-01-18 06:27:01'),
(48, 37, 10, 0.00, '2024-01-18 06:27:01', '2024-01-18 06:27:01'),
(53, 48, 12, 1500.00, '2024-01-18 12:22:29', '2024-01-18 12:22:29'),
(54, 44, 12, 0.00, '2024-01-18 12:22:30', '2024-01-18 12:22:30'),
(55, 45, 12, 0.00, '2024-01-18 12:22:30', '2024-01-18 12:22:30'),
(56, 46, 12, 0.00, '2024-01-18 12:22:30', '2024-01-18 12:22:30'),
(57, 47, 12, 0.00, '2024-01-18 12:22:30', '2024-01-18 12:22:30'),
(58, 48, 13, 1500.00, '2024-01-18 12:40:17', '2024-01-18 12:40:17'),
(59, 44, 13, 0.00, '2024-01-18 12:40:18', '2024-01-18 12:40:18'),
(60, 46, 13, 0.00, '2024-01-18 12:40:18', '2024-01-18 12:40:18'),
(61, 47, 13, 0.00, '2024-01-18 12:40:18', '2024-01-18 12:40:18'),
(62, 48, 14, 1500.00, '2024-01-18 12:43:51', '2024-01-18 12:43:51'),
(63, 44, 14, 0.00, '2024-01-18 12:43:51', '2024-01-18 12:43:51'),
(64, 45, 14, 0.00, '2024-01-18 12:43:51', '2024-01-18 12:43:51'),
(65, 46, 14, 0.00, '2024-01-18 12:43:51', '2024-01-18 12:43:51'),
(66, 47, 14, 0.00, '2024-01-18 12:43:52', '2024-01-18 12:43:52'),
(67, 48, 15, 1500.00, '2024-01-18 12:48:29', '2024-01-18 12:48:29'),
(68, 44, 15, 0.00, '2024-01-18 12:48:29', '2024-01-18 12:48:29'),
(69, 45, 15, 0.00, '2024-01-18 12:48:29', '2024-01-18 12:48:29'),
(70, 46, 15, 0.00, '2024-01-18 12:48:29', '2024-01-18 12:48:29'),
(71, 47, 15, 0.00, '2024-01-18 12:48:29', '2024-01-18 12:48:29'),
(72, 38, 16, 1500.00, '2024-01-19 06:07:01', '2024-01-19 06:07:01'),
(73, 35, 16, 0.00, '2024-01-19 06:07:01', '2024-01-19 06:07:01'),
(74, 36, 16, 0.00, '2024-01-19 06:07:01', '2024-01-19 06:07:01'),
(75, 37, 16, 0.00, '2024-01-19 06:07:02', '2024-01-19 06:07:02');

-- --------------------------------------------------------

--
-- Table structure for table `password_reset_tokens`
--

CREATE TABLE `password_reset_tokens` (
  `email` varchar(255) NOT NULL,
  `token` varchar(255) NOT NULL,
  `created_at` timestamp NULL DEFAULT NULL
) ENGINE=InnoDB DEFAULT CHARSET=utf8mb4 COLLATE=utf8mb4_unicode_ci;

-- --------------------------------------------------------

--
-- Table structure for table `payments`
--

CREATE TABLE `payments` (
  `id` bigint(20) UNSIGNED NOT NULL,
  `name` varchar(255) NOT NULL,
  `number` bigint(20) NOT NULL,
  `facility_id` bigint(20) UNSIGNED NOT NULL,
  `created_at` timestamp NULL DEFAULT NULL,
  `updated_at` timestamp NULL DEFAULT NULL
) ENGINE=InnoDB DEFAULT CHARSET=utf8mb4 COLLATE=utf8mb4_unicode_ci;

--
-- Dumping data for table `payments`
--

INSERT INTO `payments` (`id`, `name`, `number`, `facility_id`, `created_at`, `updated_at`) VALUES
(3, 'الكريمي', 3051784226, 9, '2024-01-14 05:35:19', '2024-01-14 05:35:19'),
(4, 'الكريمي', 3051784226, 10, '2024-01-15 17:22:02', '2024-01-15 17:22:02'),
(5, 'الكريمي', 3051784226, 15, '2024-01-18 11:03:03', '2024-01-18 11:03:03');

-- --------------------------------------------------------

--
-- Table structure for table `permissions`
--

CREATE TABLE `permissions` (
  `id` bigint(20) UNSIGNED NOT NULL,
  `name` varchar(255) NOT NULL,
  `label` varchar(255) NOT NULL,
  `created_at` timestamp NULL DEFAULT NULL,
  `updated_at` timestamp NULL DEFAULT NULL
) ENGINE=InnoDB DEFAULT CHARSET=utf8mb4 COLLATE=utf8mb4_unicode_ci;

--
-- Dumping data for table `permissions`
--

INSERT INTO `permissions` (`id`, `name`, `label`, `created_at`, `updated_at`) VALUES
(1, 'access-dashboard', 'الوصول للوحة التحكم', '2024-01-09 10:56:35', '2024-01-09 10:56:35'),
(2, 'accept-request', 'قبول طلبات الانضمام', '2024-01-09 10:56:35', '2024-01-09 10:56:35'),
(3, 'reject-request', 'رفض طلبات الانضمام', '2024-01-09 10:56:35', '2024-01-09 10:56:35'),
(4, 'edit-own-content', 'تعديل المحتوى', '2024-01-09 10:56:35', '2024-01-09 10:56:35'),
(5, 'edit-facility-content', 'تعديل محتوى المنشأة', '2024-01-09 10:56:35', '2024-01-09 10:56:35'),
(6, 'add-user', 'اضافة مستخدم', '2024-01-09 10:56:35', '2024-01-09 10:56:35'),
(7, 'delete-user', 'حذف مستخدم', '2024-01-09 10:56:35', '2024-01-09 10:56:35'),
(8, 'block-facility', 'حظر منشأة', '2024-01-09 10:56:36', '2024-01-09 10:56:36'),
(9, 'add-hall', 'اضافة قاعة', '2024-01-09 10:56:36', '2024-01-09 10:56:36'),
(10, 'block-hall', 'حظر قاعة', '2024-01-09 10:56:36', '2024-01-09 10:56:36'),
(11, 'edit-hall', 'تعديل قاعة', '2024-01-09 10:56:36', '2024-01-09 10:56:36'),
(12, 'add-reservation', 'اضافة حجز', '2024-01-09 10:56:36', '2024-01-09 10:56:36'),
(13, 'cancel-reservation', 'الغاء حجز', '2024-01-09 10:56:36', '2024-01-09 10:56:36'),
(14, 'reject-reservation', 'رفض حجز', '2024-01-09 10:56:36', '2024-01-09 10:56:36'),
(15, 'confirm-reservation', 'تاكيد حجز', '2024-01-09 10:56:36', '2024-01-09 10:56:36');

-- --------------------------------------------------------

--
-- Table structure for table `permission_role`
--

CREATE TABLE `permission_role` (
  `role_id` bigint(20) UNSIGNED NOT NULL,
  `permission_id` bigint(20) UNSIGNED NOT NULL
) ENGINE=InnoDB DEFAULT CHARSET=utf8mb4 COLLATE=utf8mb4_unicode_ci;

--
-- Dumping data for table `permission_role`
--

INSERT INTO `permission_role` (`role_id`, `permission_id`) VALUES
(1, 1),
(1, 2),
(1, 3),
(1, 4),
(1, 6),
(1, 7),
(1, 8),
(2, 1),
(2, 4),
(2, 6),
(2, 7),
(2, 9),
(2, 10),
(2, 11),
(3, 1),
(3, 4),
(3, 12),
(3, 13),
(4, 1),
(4, 4),
(4, 5),
(5, 1),
(5, 4),
(5, 12),
(5, 14),
(5, 15);

-- --------------------------------------------------------

--
-- Table structure for table `personal_access_tokens`
--

CREATE TABLE `personal_access_tokens` (
  `id` bigint(20) UNSIGNED NOT NULL,
  `tokenable_type` varchar(255) NOT NULL,
  `tokenable_id` bigint(20) UNSIGNED NOT NULL,
  `name` varchar(255) NOT NULL,
  `token` varchar(64) NOT NULL,
  `abilities` text DEFAULT NULL,
  `last_used_at` timestamp NULL DEFAULT NULL,
  `expires_at` timestamp NULL DEFAULT NULL,
  `created_at` timestamp NULL DEFAULT NULL,
  `updated_at` timestamp NULL DEFAULT NULL
) ENGINE=InnoDB DEFAULT CHARSET=utf8mb4 COLLATE=utf8mb4_unicode_ci;

-- --------------------------------------------------------

--
-- Table structure for table `reservations`
--

CREATE TABLE `reservations` (
  `id` bigint(20) UNSIGNED NOT NULL,
  `user_id` bigint(20) UNSIGNED NOT NULL,
  `offer_hall_id` bigint(20) UNSIGNED NOT NULL,
  `hall_id` bigint(20) UNSIGNED NOT NULL,
  `hall_price` double(8,2) NOT NULL,
  `occasion_id` bigint(20) UNSIGNED NOT NULL,
  `date` date NOT NULL,
  `poeple_count` int(11) NOT NULL,
  `voucher_id` bigint(20) UNSIGNED DEFAULT NULL,
  `state_id` bigint(20) UNSIGNED NOT NULL,
  `created_at` timestamp NULL DEFAULT NULL,
  `updated_at` timestamp NULL DEFAULT NULL
) ENGINE=InnoDB DEFAULT CHARSET=utf8mb4 COLLATE=utf8mb4_unicode_ci;

--
-- Dumping data for table `reservations`
--

INSERT INTO `reservations` (`id`, `user_id`, `offer_hall_id`, `hall_id`, `hall_price`, `occasion_id`, `date`, `poeple_count`, `voucher_id`, `state_id`, `created_at`, `updated_at`) VALUES
(1, 3, 28, 17, 3000.00, 10, '2024-01-29', 200, NULL, 4, '2024-01-14 08:23:23', '2024-01-16 03:33:35'),
(2, 13, 29, 18, 2500.00, 12, '2024-01-22', 200, NULL, 1, '2024-01-15 16:54:33', '2024-01-15 16:54:33'),
(4, 15, 29, 18, 2500.00, 12, '2024-01-24', 400, 41, 3, '2024-01-16 03:52:26', '2024-01-16 04:31:56'),
(5, 16, 30, 18, 3000.00, 12, '2024-01-25', 400, 42, 4, '2024-01-16 04:53:54', '2024-01-16 05:29:43'),
(6, 17, 30, 18, 3000.00, 12, '2024-01-29', 398, 43, 3, '2024-01-16 05:06:11', '2024-01-18 03:45:05'),
(7, 3, 30, 18, 3000.00, 12, '2024-01-23', 400, NULL, 1, '2024-01-17 05:39:38', '2024-01-17 05:39:38'),
(8, 18, 28, 17, 3000.00, 10, '2024-01-29', 200, 44, 3, '2024-01-17 14:24:04', '2024-01-17 14:45:13'),
(9, 20, 30, 18, 3000.00, 12, '2024-01-27', 397, 45, 3, '2024-01-18 03:43:28', '2024-01-18 08:37:57'),
(10, 21, 30, 18, 3000.00, 12, '2024-01-24', 500, 46, 3, '2024-01-18 06:27:01', '2024-01-18 08:43:49'),
(12, 23, 37, 22, 3000.00, 17, '2024-01-22', 400, 63, 3, '2024-01-18 12:22:29', '2024-01-18 12:50:05'),
(13, 24, 38, 22, 3500.00, 16, '2024-01-24', 596, 64, 3, '2024-01-18 12:40:17', '2024-01-18 12:49:20'),
(14, 25, 38, 22, 3500.00, 17, '2024-01-30', 800, 65, 3, '2024-01-18 12:43:51', '2024-01-18 12:49:42'),
(15, 26, 37, 22, 3000.00, 17, '2024-01-20', 600, 66, 3, '2024-01-18 12:48:29', '2024-01-18 12:52:15'),
(16, 3, 30, 18, 3000.00, 12, '2024-01-25', 400, 67, 3, '2024-01-19 06:07:01', '2024-01-19 06:08:50');

-- --------------------------------------------------------

--
-- Table structure for table `roles`
--

CREATE TABLE `roles` (
  `id` bigint(20) UNSIGNED NOT NULL,
  `name` varchar(255) NOT NULL,
  `label` varchar(255) NOT NULL,
  `created_at` timestamp NULL DEFAULT NULL,
  `updated_at` timestamp NULL DEFAULT NULL
) ENGINE=InnoDB DEFAULT CHARSET=utf8mb4 COLLATE=utf8mb4_unicode_ci;

--
-- Dumping data for table `roles`
--

INSERT INTO `roles` (`id`, `name`, `label`, `created_at`, `updated_at`) VALUES
(1, 'super-admin', 'مدير المنصة', '2024-01-09 10:56:40', '2024-01-09 10:56:40'),
(2, 'admin', 'مدير القاعة', '2024-01-09 10:56:40', '2024-01-09 10:56:40'),
(3, 'customer', 'العميل', '2024-01-09 10:56:40', '2024-01-09 10:56:40'),
(4, 'content-admin', 'مسؤول المحتوى', '2024-01-09 10:56:40', '2024-01-09 10:56:40'),
(5, 'reception', 'الاستقبال', '2024-01-09 10:56:40', '2024-01-09 10:56:40');

-- --------------------------------------------------------

--
-- Table structure for table `role_user`
--

CREATE TABLE `role_user` (
  `role_id` bigint(20) UNSIGNED NOT NULL,
  `user_id` bigint(20) UNSIGNED NOT NULL
) ENGINE=InnoDB DEFAULT CHARSET=utf8mb4 COLLATE=utf8mb4_unicode_ci;

--
-- Dumping data for table `role_user`
--

INSERT INTO `role_user` (`role_id`, `user_id`) VALUES
(1, 1),
(2, 7),
(2, 9),
(2, 11),
(2, 12),
(2, 13),
(2, 14),
(2, 19),
(2, 22),
(2, 27),
(3, 3),
(3, 15),
(3, 16),
(3, 17),
(3, 18),
(3, 20),
(3, 21),
(3, 23),
(3, 24),
(3, 25),
(3, 26);

-- --------------------------------------------------------

--
-- Table structure for table `services`
--

CREATE TABLE `services` (
  `id` bigint(20) UNSIGNED NOT NULL,
  `name` varchar(255) NOT NULL,
  `facility_id` bigint(20) UNSIGNED NOT NULL,
  `is_free` tinyint(1) NOT NULL,
  `price` double(8,2) NOT NULL,
  `created_at` timestamp NULL DEFAULT NULL,
  `updated_at` timestamp NULL DEFAULT NULL
) ENGINE=InnoDB DEFAULT CHARSET=utf8mb4 COLLATE=utf8mb4_unicode_ci;

--
-- Dumping data for table `services`
--

INSERT INTO `services` (`id`, `name`, `facility_id`, `is_free`, `price`, `created_at`, `updated_at`) VALUES
(27, 'بروجكتر', 9, 1, 0.00, '2024-01-14 05:30:03', '2024-01-14 05:30:03'),
(28, 'جهاز تتبع', 9, 1, 0.00, '2024-01-14 05:30:16', '2024-01-14 05:30:16'),
(29, 'فريق تنظيم', 9, 1, 0.00, '2024-01-14 05:30:26', '2024-01-14 05:30:26'),
(30, 'حارسة', 9, 1, 0.00, '2024-01-14 05:30:35', '2024-01-14 05:30:35'),
(31, 'مفتشة جوالات', 9, 1, 0.00, '2024-01-14 05:30:56', '2024-01-14 05:30:56'),
(32, 'صالة طعام', 9, 0, 1000.00, '2024-01-14 05:31:28', '2024-01-14 05:31:28'),
(33, 'ضيافة ( شاي و قهوة )', 9, 0, 200.00, '2024-01-14 05:31:43', '2024-01-14 05:31:43'),
(34, 'بروجكتر', 10, 1, 0.00, '2024-01-15 17:16:40', '2024-01-15 17:16:40'),
(35, 'فريق تنظيم', 10, 1, 0.00, '2024-01-15 17:16:59', '2024-01-15 17:16:59'),
(36, 'جهاز تتبع', 10, 1, 0.00, '2024-01-15 17:17:06', '2024-01-15 17:17:06'),
(37, 'حارسة', 10, 1, 0.00, '2024-01-15 17:17:14', '2024-01-15 17:17:14'),
(38, 'صالة طعام', 10, 0, 1500.00, '2024-01-15 17:19:02', '2024-01-15 17:19:02'),
(39, 'فريق تنظيم', 12, 1, 0.00, '2024-01-18 08:50:16', '2024-01-18 08:50:16'),
(40, 'بروجكتر', 12, 1, 0.00, '2024-01-18 08:50:22', '2024-01-18 08:50:22'),
(41, 'حارسة', 12, 1, 0.00, '2024-01-18 08:50:29', '2024-01-18 08:50:29'),
(42, 'جهاز تتبع', 12, 1, 0.00, '2024-01-18 08:50:37', '2024-01-18 08:50:37'),
(43, 'صالة طعام', 12, 0, 1500.00, '2024-01-18 08:52:31', '2024-01-18 08:52:31'),
(44, 'بروجكتر', 15, 1, 0.00, '2024-01-18 10:51:53', '2024-01-18 10:51:53'),
(45, 'جهاز تتبع', 15, 1, 0.00, '2024-01-18 10:51:59', '2024-01-18 10:51:59'),
(46, 'حارسة', 15, 1, 0.00, '2024-01-18 10:52:05', '2024-01-18 10:52:05'),
(47, 'فريق تنظيم', 15, 1, 0.00, '2024-01-18 10:52:13', '2024-01-18 10:52:13'),
(48, 'صالة طعام', 15, 0, 1500.00, '2024-01-18 10:58:03', '2024-01-18 10:58:03');

-- --------------------------------------------------------

--
-- Table structure for table `socialmedia`
--

CREATE TABLE `socialmedia` (
  `id` bigint(20) UNSIGNED NOT NULL,
  `link` varchar(255) NOT NULL,
  `type` enum('twitter','instagram','facebook') NOT NULL,
  `user_id` bigint(20) UNSIGNED NOT NULL,
  `created_at` timestamp NULL DEFAULT NULL,
  `updated_at` timestamp NULL DEFAULT NULL
) ENGINE=InnoDB DEFAULT CHARSET=utf8mb4 COLLATE=utf8mb4_unicode_ci;

-- --------------------------------------------------------

--
-- Table structure for table `states`
--

CREATE TABLE `states` (
  `id` bigint(20) UNSIGNED NOT NULL,
  `name` varchar(255) NOT NULL,
  `title` varchar(255) NOT NULL,
  `created_at` timestamp NULL DEFAULT NULL,
  `updated_at` timestamp NULL DEFAULT NULL
) ENGINE=InnoDB DEFAULT CHARSET=utf8mb4 COLLATE=utf8mb4_unicode_ci;

--
-- Dumping data for table `states`
--

INSERT INTO `states` (`id`, `name`, `title`, `created_at`, `updated_at`) VALUES
(1, 'unconfirmed', 'غير مؤكد', '2024-01-09 13:25:57', '2024-01-09 13:25:57'),
(2, 'under_review', 'قيد المراجعة', '2024-01-09 13:25:58', '2024-01-09 13:25:58'),
(3, 'confirmed', 'مؤكد', '2024-01-09 13:25:58', '2024-01-09 13:25:58'),
(4, 'canceled', 'ملغي', '2024-01-09 13:25:58', '2024-01-09 13:25:58'),
(5, 'rejected', 'مرفوض', NULL, NULL);

-- --------------------------------------------------------

--
-- Table structure for table `users`
--

CREATE TABLE `users` (
  `id` bigint(20) UNSIGNED NOT NULL,
  `parent_id` bigint(20) DEFAULT NULL,
  `name` varchar(255) NOT NULL,
  `email` varchar(255) NOT NULL,
  `email_verified_at` timestamp NULL DEFAULT NULL,
  `password` varchar(255) NOT NULL,
  `phone` int(11) NOT NULL,
  `remember_token` varchar(100) DEFAULT NULL,
  `created_at` timestamp NULL DEFAULT NULL,
  `updated_at` timestamp NULL DEFAULT NULL
) ENGINE=InnoDB DEFAULT CHARSET=utf8mb4 COLLATE=utf8mb4_unicode_ci;

--
-- Dumping data for table `users`
--

INSERT INTO `users` (`id`, `parent_id`, `name`, `email`, `email_verified_at`, `password`, `phone`, `remember_token`, `created_at`, `updated_at`) VALUES
(1, NULL, 'روعة محمد باعيسى', 'rawaa@gmail.com', NULL, '$2y$12$k1x/3pqnN5TWzl37RBbwCuBmdEAJoYpJ/iOJ9Jp8jifx5HKCYRwxi', 739665833, NULL, '2024-01-09 10:56:36', '2024-01-09 10:56:36'),
(3, NULL, 'سامية محمد الشبيبي', 'samia@gmail.com', NULL, '$2y$12$UGIAiLv4/9.xfTKKVPMwzurSTSPBr8oqhoV4Isb/Bi7UscRo13HlO', 785214569, NULL, '2024-01-09 10:56:38', '2024-01-09 10:56:38'),
(5, NULL, 'فاطمة الجهوري', 'fatima@gmail.com', NULL, '$2y$12$f/V/mnMIRMZFVAc4agoLyu7zadh2zquz/9HHzO7LUrhK2Tfz.QgFq', 785214569, NULL, '2024-01-09 10:56:38', '2024-01-09 10:56:38'),
(7, NULL, 'محمد احمد', 'mohammed@example.com', NULL, '$2y$12$G3J8oGO6MYMYFHQQLQdpX.DDcqPce1LRuQ7PcslBpqWinxUp3YPhi', 785214541, NULL, '2024-01-09 10:56:39', '2024-01-09 10:56:39'),
(9, NULL, 'صالح محمد باعيسى', 'saleha@gmail.com', NULL, '$2y$12$NHGHb6exGiaT3GKAPDGKZeJvW6lpEza3ipJp8SHXNDC2Atu1xYJaa', 45698741, NULL, '2024-01-11 04:04:24', '2024-01-11 04:04:24'),
(11, NULL, 'محمد احمد', 'ahmed@gmail.com', NULL, '$2y$12$KoVFLLFVQOkjfNpiYvPoM.Lb0sRSAPgMk2hi7gqjvz2kgzpY.kFii', 74582369, NULL, '2024-01-11 04:53:33', '2024-01-11 04:53:33'),
(12, NULL, 'خالد عبدالله العطيشي', 'khalid@gmail.com', NULL, '$2y$12$IfqO6qaUDvYht96F9bVpHOUvzGmixtyhizbqbCbREAvKRXgd6w1lu', 735214987, NULL, '2024-01-14 03:16:54', '2024-01-14 03:16:54'),
(13, NULL, 'محمد احمد التميمي', 'mohammed@gmail.com', NULL, '$2y$12$1.oPvT8gRaQ71DuPaQ0jsOh8QY2UUi5/OPet3505saAdGw/roWGfa', 737841027, NULL, '2024-01-15 13:17:02', '2024-01-15 13:17:02'),
(14, NULL, 'محسن خالد العمودي', 'mohsen@gmail.com', NULL, '$2y$12$QZWnxfue8hpIseprCKRkNu317uwyxR5TMoHaduO77t2c.wJR8AP4m', 785214565, NULL, '2024-01-15 17:43:56', '2024-01-15 17:43:56'),
(15, NULL, 'فارس محمد باعيسى', 'fares@gmail.com', NULL, '$2y$12$qVd0PJsz6oqNyI1JorvBzOEiSc2uyKiqy5BU9R2LTv1RWC1x03dFK', 78453641, NULL, '2024-01-16 03:51:20', '2024-01-16 03:51:20'),
(16, NULL, 'سالم حسن العمودي', 'salem@gmail.com', NULL, '$2y$12$qTWsOU0iBQcSse1DKbWNi.NiQ3ojMHeFSbIex5JWlt9nliTrzrym.', 784125963, NULL, '2024-01-16 04:53:05', '2024-01-16 04:53:05'),
(17, NULL, 'عبدالله التميمي', 'abdullah@gmail.com', NULL, '$2y$12$j7RZMjqiQqhodsPMVAOis.mQ3/d.LqZaUQI5WzsYpauP5b39hDgni', 78945612, NULL, '2024-01-16 05:05:30', '2024-01-16 05:05:30'),
(18, NULL, 'صالح محمد العمودي', 'salehmohammed@gmail.com', NULL, '$2y$12$qaVgflzLgfaG/mGXKOp4F.nbUf7fqEeU2Zi0worDNR7C6lWGrWWJ.', 784521368, NULL, '2024-01-17 14:16:52', '2024-01-17 14:16:52'),
(19, NULL, 'سالم احمد اليزيدي', 'salemahmed@gmail.com', NULL, '$2y$12$VUD1qCvXuJOP2cSmhogM4.qZCsbIC3lEDQB.eZoKD17Ati6Xj/D4C', 78521469, NULL, '2024-01-17 16:35:14', '2024-01-17 16:35:14'),
(20, NULL, 'مي محمد باعيسى', 'maymohammed@gmail.com', NULL, '$2y$12$ImfJXpd4iaqsXTj42hYDvuc/9dmxHOA05YmhKh29t1BjC.NfpsrPO', 785632985, NULL, '2024-01-18 03:42:00', '2024-01-18 03:42:00'),
(21, NULL, 'علي احمد الاشولي', 'ali@gmail.com', NULL, '$2y$12$eNJOjav3vaoCK0lBMT4ip.m/Xq.ZZfORRsaEEi8X2mtGefU5kuhHu', 731266588, NULL, '2024-01-18 03:47:02', '2024-01-18 07:51:24'),
(22, NULL, 'سالم احمد باوزير', 'salembawazeer@gmail.com', NULL, '$2y$12$.3mFdzAEArw8R4EkSOcQXu0fv4pbcl7tJDBWFE3qCF663xibOAi3a', 781234555, NULL, '2024-01-18 09:39:44', '2024-01-18 09:39:44'),
(23, NULL, 'سارة محمد التميمي', 'saratamimi@gmail.com', NULL, '$2y$12$NFXIJ0VDAdnCR/YE4eq6nuCg7Mz1VgmC94VgHxJttMexwchEWS6AW', 784555334, NULL, '2024-01-18 11:51:26', '2024-01-18 11:51:26'),
(24, NULL, 'حنين محمد جوبان', 'hannenjoban@gmail.com', NULL, '$2y$12$XCVlZuXGb5eNDvmNZvrnc.Xlshd5V1lQ6uc3Hbf/aWyZP0EBkwDV.', 784544421, NULL, '2024-01-18 12:33:45', '2024-01-18 12:33:45'),
(25, NULL, 'محمد صالح حمران', 'mohammedhomran@gmail.com', NULL, '$2y$12$W9ka1DeyZVJHMIghQMTLKOnZq7EqcZM2d5PmUmm5vgAE7nFv9g8Bi', 734562888, NULL, '2024-01-18 12:42:36', '2024-01-18 12:42:36'),
(26, NULL, 'سمية عمر باصمد', 'somiabasamd@gmail.com', NULL, '$2y$12$vfLidRu7K/BfkaaoWWr5XOPlwZmMcKerz0T04Wxa5d8hrNPH8O9Ue', 784566899, NULL, '2024-01-18 12:47:41', '2024-01-18 12:47:41'),
(27, NULL, 'محمد سعيد العمودي', 'mohammedsaeed@gmail.com', NULL, '$2y$12$ervVmyZvB4MVGRULTYs9re95E4SW2lnMcQ0NxCdcv9pqYMrzWvx0y', 785412658, NULL, '2024-01-18 16:46:33', '2024-01-18 16:46:33');

--
-- Indexes for dumped tables
--

--
-- Indexes for table `contents`
--
ALTER TABLE `contents`
  ADD PRIMARY KEY (`id`),
  ADD KEY `contents_user_id_foreign` (`user_id`);

--
-- Indexes for table `directorates`
--
ALTER TABLE `directorates`
  ADD PRIMARY KEY (`id`),
  ADD KEY `directorates_governorate_id_foreign` (`governorate_id`);

--
-- Indexes for table `durations`
--
ALTER TABLE `durations`
  ADD PRIMARY KEY (`id`),
  ADD KEY `durations_facility_id_foreign` (`facility_id`);

--
-- Indexes for table `facilities`
--
ALTER TABLE `facilities`
  ADD PRIMARY KEY (`id`),
  ADD UNIQUE KEY `facilities_name_unique` (`name`),
  ADD UNIQUE KEY `facilities_title_unique` (`title`),
  ADD UNIQUE KEY `facilities_email_unique` (`email`),
  ADD UNIQUE KEY `facilities_user_id_unique` (`user_id`);

--
-- Indexes for table `failed_jobs`
--
ALTER TABLE `failed_jobs`
  ADD PRIMARY KEY (`id`),
  ADD UNIQUE KEY `failed_jobs_uuid_unique` (`uuid`);

--
-- Indexes for table `files`
--
ALTER TABLE `files`
  ADD PRIMARY KEY (`id`);

--
-- Indexes for table `file_types`
--
ALTER TABLE `file_types`
  ADD PRIMARY KEY (`id`);

--
-- Indexes for table `governorates`
--
ALTER TABLE `governorates`
  ADD PRIMARY KEY (`id`);

--
-- Indexes for table `halls`
--
ALTER TABLE `halls`
  ADD PRIMARY KEY (`id`),
  ADD UNIQUE KEY `halls_name_unique` (`name`),
  ADD KEY `halls_facility_id_foreign` (`facility_id`);

--
-- Indexes for table `messages`
--
ALTER TABLE `messages`
  ADD PRIMARY KEY (`id`),
  ADD KEY `messages_user_id_foreign` (`user_id`);

--
-- Indexes for table `migrations`
--
ALTER TABLE `migrations`
  ADD PRIMARY KEY (`id`);

--
-- Indexes for table `occasions`
--
ALTER TABLE `occasions`
  ADD PRIMARY KEY (`id`),
  ADD KEY `occasions_facility_id_foreign` (`facility_id`);

--
-- Indexes for table `offer_halls`
--
ALTER TABLE `offer_halls`
  ADD PRIMARY KEY (`id`),
  ADD KEY `offer_halls_hall_id_foreign` (`hall_id`),
  ADD KEY `offer_halls_duration_id_foreign` (`duration_id`);

--
-- Indexes for table `orders`
--
ALTER TABLE `orders`
  ADD PRIMARY KEY (`id`),
  ADD KEY `orders_service_id_foreign` (`service_id`),
  ADD KEY `orders_reservation_id_foreign` (`reservation_id`);

--
-- Indexes for table `password_reset_tokens`
--
ALTER TABLE `password_reset_tokens`
  ADD PRIMARY KEY (`email`);

--
-- Indexes for table `payments`
--
ALTER TABLE `payments`
  ADD PRIMARY KEY (`id`),
  ADD KEY `payments_facility_id_foreign` (`facility_id`);

--
-- Indexes for table `permissions`
--
ALTER TABLE `permissions`
  ADD PRIMARY KEY (`id`);

--
-- Indexes for table `permission_role`
--
ALTER TABLE `permission_role`
  ADD PRIMARY KEY (`role_id`,`permission_id`),
  ADD KEY `permission_role_permission_id_foreign` (`permission_id`);

--
-- Indexes for table `personal_access_tokens`
--
ALTER TABLE `personal_access_tokens`
  ADD PRIMARY KEY (`id`),
  ADD UNIQUE KEY `personal_access_tokens_token_unique` (`token`),
  ADD KEY `personal_access_tokens_tokenable_type_tokenable_id_index` (`tokenable_type`,`tokenable_id`);

--
-- Indexes for table `reservations`
--
ALTER TABLE `reservations`
  ADD PRIMARY KEY (`id`),
  ADD KEY `reservations_user_id_foreign` (`user_id`),
  ADD KEY `reservations_offer_hall_id_foreign` (`offer_hall_id`),
  ADD KEY `reservations_hall_id_foreign` (`hall_id`),
  ADD KEY `reservations_occasion_id_foreign` (`occasion_id`);

--
-- Indexes for table `roles`
--
ALTER TABLE `roles`
  ADD PRIMARY KEY (`id`);

--
-- Indexes for table `role_user`
--
ALTER TABLE `role_user`
  ADD UNIQUE KEY `role_user_role_id_user_id_unique` (`role_id`,`user_id`),
  ADD KEY `role_user_user_id_foreign` (`user_id`);

--
-- Indexes for table `services`
--
ALTER TABLE `services`
  ADD PRIMARY KEY (`id`),
  ADD KEY `services_facility_id_foreign` (`facility_id`);

--
-- Indexes for table `socialmedia`
--
ALTER TABLE `socialmedia`
  ADD PRIMARY KEY (`id`),
  ADD KEY `socialmedia_user_id_foreign` (`user_id`);

--
-- Indexes for table `states`
--
ALTER TABLE `states`
  ADD PRIMARY KEY (`id`);

--
-- Indexes for table `users`
--
ALTER TABLE `users`
  ADD PRIMARY KEY (`id`),
  ADD UNIQUE KEY `users_email_unique` (`email`);

--
-- AUTO_INCREMENT for dumped tables
--

--
-- AUTO_INCREMENT for table `contents`
--
ALTER TABLE `contents`
  MODIFY `id` bigint(20) UNSIGNED NOT NULL AUTO_INCREMENT, AUTO_INCREMENT=6;

--
-- AUTO_INCREMENT for table `directorates`
--
ALTER TABLE `directorates`
  MODIFY `id` bigint(20) UNSIGNED NOT NULL AUTO_INCREMENT, AUTO_INCREMENT=4;

--
-- AUTO_INCREMENT for table `durations`
--
ALTER TABLE `durations`
  MODIFY `id` bigint(20) UNSIGNED NOT NULL AUTO_INCREMENT, AUTO_INCREMENT=21;

--
-- AUTO_INCREMENT for table `facilities`
--
ALTER TABLE `facilities`
  MODIFY `id` bigint(20) UNSIGNED NOT NULL AUTO_INCREMENT, AUTO_INCREMENT=17;

--
-- AUTO_INCREMENT for table `failed_jobs`
--
ALTER TABLE `failed_jobs`
  MODIFY `id` bigint(20) UNSIGNED NOT NULL AUTO_INCREMENT;

--
-- AUTO_INCREMENT for table `files`
--
ALTER TABLE `files`
  MODIFY `id` bigint(20) UNSIGNED NOT NULL AUTO_INCREMENT, AUTO_INCREMENT=68;

--
-- AUTO_INCREMENT for table `file_types`
--
ALTER TABLE `file_types`
  MODIFY `id` bigint(20) UNSIGNED NOT NULL AUTO_INCREMENT, AUTO_INCREMENT=3;

--
-- AUTO_INCREMENT for table `governorates`
--
ALTER TABLE `governorates`
  MODIFY `id` bigint(20) UNSIGNED NOT NULL AUTO_INCREMENT, AUTO_INCREMENT=2;

--
-- AUTO_INCREMENT for table `halls`
--
ALTER TABLE `halls`
  MODIFY `id` bigint(20) UNSIGNED NOT NULL AUTO_INCREMENT, AUTO_INCREMENT=23;

--
-- AUTO_INCREMENT for table `messages`
--
ALTER TABLE `messages`
  MODIFY `id` bigint(20) UNSIGNED NOT NULL AUTO_INCREMENT, AUTO_INCREMENT=7;

--
-- AUTO_INCREMENT for table `migrations`
--
ALTER TABLE `migrations`
  MODIFY `id` int(10) UNSIGNED NOT NULL AUTO_INCREMENT, AUTO_INCREMENT=30;

--
-- AUTO_INCREMENT for table `occasions`
--
ALTER TABLE `occasions`
  MODIFY `id` bigint(20) UNSIGNED NOT NULL AUTO_INCREMENT, AUTO_INCREMENT=18;

--
-- AUTO_INCREMENT for table `offer_halls`
--
ALTER TABLE `offer_halls`
  MODIFY `id` bigint(20) UNSIGNED NOT NULL AUTO_INCREMENT, AUTO_INCREMENT=39;

--
-- AUTO_INCREMENT for table `orders`
--
ALTER TABLE `orders`
  MODIFY `id` bigint(20) UNSIGNED NOT NULL AUTO_INCREMENT, AUTO_INCREMENT=76;

--
-- AUTO_INCREMENT for table `payments`
--
ALTER TABLE `payments`
  MODIFY `id` bigint(20) UNSIGNED NOT NULL AUTO_INCREMENT, AUTO_INCREMENT=6;

--
-- AUTO_INCREMENT for table `permissions`
--
ALTER TABLE `permissions`
  MODIFY `id` bigint(20) UNSIGNED NOT NULL AUTO_INCREMENT, AUTO_INCREMENT=16;

--
-- AUTO_INCREMENT for table `personal_access_tokens`
--
ALTER TABLE `personal_access_tokens`
  MODIFY `id` bigint(20) UNSIGNED NOT NULL AUTO_INCREMENT;

--
-- AUTO_INCREMENT for table `reservations`
--
ALTER TABLE `reservations`
  MODIFY `id` bigint(20) UNSIGNED NOT NULL AUTO_INCREMENT, AUTO_INCREMENT=17;

--
-- AUTO_INCREMENT for table `roles`
--
ALTER TABLE `roles`
  MODIFY `id` bigint(20) UNSIGNED NOT NULL AUTO_INCREMENT, AUTO_INCREMENT=6;

--
-- AUTO_INCREMENT for table `services`
--
ALTER TABLE `services`
  MODIFY `id` bigint(20) UNSIGNED NOT NULL AUTO_INCREMENT, AUTO_INCREMENT=50;

--
-- AUTO_INCREMENT for table `socialmedia`
--
ALTER TABLE `socialmedia`
  MODIFY `id` bigint(20) UNSIGNED NOT NULL AUTO_INCREMENT;

--
-- AUTO_INCREMENT for table `states`
--
ALTER TABLE `states`
  MODIFY `id` bigint(20) UNSIGNED NOT NULL AUTO_INCREMENT, AUTO_INCREMENT=6;

--
-- AUTO_INCREMENT for table `users`
--
ALTER TABLE `users`
  MODIFY `id` bigint(20) UNSIGNED NOT NULL AUTO_INCREMENT, AUTO_INCREMENT=28;

--
-- Constraints for dumped tables
--

--
-- Constraints for table `contents`
--
ALTER TABLE `contents`
  ADD CONSTRAINT `contents_user_id_foreign` FOREIGN KEY (`user_id`) REFERENCES `users` (`id`) ON DELETE CASCADE;

--
-- Constraints for table `directorates`
--
ALTER TABLE `directorates`
  ADD CONSTRAINT `directorates_governorate_id_foreign` FOREIGN KEY (`governorate_id`) REFERENCES `governorates` (`id`) ON DELETE CASCADE;

--
-- Constraints for table `durations`
--
ALTER TABLE `durations`
  ADD CONSTRAINT `durations_facility_id_foreign` FOREIGN KEY (`facility_id`) REFERENCES `facilities` (`id`) ON DELETE CASCADE;

--
-- Constraints for table `facilities`
--
ALTER TABLE `facilities`
  ADD CONSTRAINT `facilities_user_id_foreign` FOREIGN KEY (`user_id`) REFERENCES `users` (`id`) ON DELETE CASCADE;

--
-- Constraints for table `halls`
--
ALTER TABLE `halls`
  ADD CONSTRAINT `halls_facility_id_foreign` FOREIGN KEY (`facility_id`) REFERENCES `facilities` (`id`) ON DELETE CASCADE;

--
-- Constraints for table `messages`
--
ALTER TABLE `messages`
  ADD CONSTRAINT `messages_user_id_foreign` FOREIGN KEY (`user_id`) REFERENCES `users` (`id`) ON DELETE CASCADE;

--
-- Constraints for table `occasions`
--
ALTER TABLE `occasions`
  ADD CONSTRAINT `occasions_facility_id_foreign` FOREIGN KEY (`facility_id`) REFERENCES `facilities` (`id`) ON DELETE CASCADE;

--
-- Constraints for table `offer_halls`
--
ALTER TABLE `offer_halls`
  ADD CONSTRAINT `offer_halls_duration_id_foreign` FOREIGN KEY (`duration_id`) REFERENCES `durations` (`id`) ON DELETE CASCADE,
  ADD CONSTRAINT `offer_halls_hall_id_foreign` FOREIGN KEY (`hall_id`) REFERENCES `halls` (`id`) ON DELETE CASCADE;

--
-- Constraints for table `orders`
--
ALTER TABLE `orders`
  ADD CONSTRAINT `orders_reservation_id_foreign` FOREIGN KEY (`reservation_id`) REFERENCES `reservations` (`id`) ON DELETE CASCADE,
  ADD CONSTRAINT `orders_service_id_foreign` FOREIGN KEY (`service_id`) REFERENCES `services` (`id`) ON DELETE CASCADE;

--
-- Constraints for table `payments`
--
ALTER TABLE `payments`
  ADD CONSTRAINT `payments_facility_id_foreign` FOREIGN KEY (`facility_id`) REFERENCES `facilities` (`id`) ON DELETE CASCADE;

--
-- Constraints for table `permission_role`
--
ALTER TABLE `permission_role`
  ADD CONSTRAINT `permission_role_permission_id_foreign` FOREIGN KEY (`permission_id`) REFERENCES `permissions` (`id`) ON DELETE CASCADE,
  ADD CONSTRAINT `permission_role_role_id_foreign` FOREIGN KEY (`role_id`) REFERENCES `roles` (`id`) ON DELETE CASCADE;

--
-- Constraints for table `reservations`
--
ALTER TABLE `reservations`
  ADD CONSTRAINT `reservations_hall_id_foreign` FOREIGN KEY (`hall_id`) REFERENCES `halls` (`id`) ON DELETE CASCADE,
  ADD CONSTRAINT `reservations_occasion_id_foreign` FOREIGN KEY (`occasion_id`) REFERENCES `occasions` (`id`) ON DELETE CASCADE,
  ADD CONSTRAINT `reservations_offer_hall_id_foreign` FOREIGN KEY (`offer_hall_id`) REFERENCES `offer_halls` (`id`) ON DELETE CASCADE,
  ADD CONSTRAINT `reservations_user_id_foreign` FOREIGN KEY (`user_id`) REFERENCES `users` (`id`) ON DELETE CASCADE;

--
-- Constraints for table `role_user`
--
ALTER TABLE `role_user`
  ADD CONSTRAINT `role_user_role_id_foreign` FOREIGN KEY (`role_id`) REFERENCES `roles` (`id`) ON DELETE CASCADE,
  ADD CONSTRAINT `role_user_user_id_foreign` FOREIGN KEY (`user_id`) REFERENCES `users` (`id`) ON DELETE CASCADE;

--
-- Constraints for table `services`
--
ALTER TABLE `services`
  ADD CONSTRAINT `services_facility_id_foreign` FOREIGN KEY (`facility_id`) REFERENCES `facilities` (`id`) ON DELETE CASCADE;

--
-- Constraints for table `socialmedia`
--
ALTER TABLE `socialmedia`
  ADD CONSTRAINT `socialmedia_user_id_foreign` FOREIGN KEY (`user_id`) REFERENCES `users` (`id`) ON DELETE CASCADE;
COMMIT;

/*!40101 SET CHARACTER_SET_CLIENT=@OLD_CHARACTER_SET_CLIENT */;
/*!40101 SET CHARACTER_SET_RESULTS=@OLD_CHARACTER_SET_RESULTS */;
/*!40101 SET COLLATION_CONNECTION=@OLD_COLLATION_CONNECTION */;
